-- PvP Token Turnin Quests
-- Hord
DELETE FROM quest_template WHERE `entry`=8367;
DELETE FROM quest_template WHERE `entry`=13476;
INSERT INTO `quest_template` (`entry`, `Method`, `ZoneOrSort`, `SkillOrClass`, `MinLevel`, `MaxLevel`, `QuestLevel`, `Type`, `RequiredRaces`, `RequiredSkillValue`, `RepObjectiveFaction`, `RepObjectiveValue`, `RepObjectiveFaction2`, `RepObjectiveValue2`, `RequiredMinRepFaction`, `RequiredMinRepValue`, `RequiredMaxRepFaction`, `RequiredMaxRepValue`, `SuggestedPlayers`, `LimitTime`, `QuestFlags`, `SpecialFlags`, `CharTitleId`, `PlayersSlain`, `BonusTalents`, `RewardArenaPoints`, `PrevQuestId`, `NextQuestId`, `ExclusiveGroup`, `NextQuestInChain`, `RewXPId`, `SrcItemId`, `SrcItemCount`, `SrcSpell`, `Title`, `Details`, `Objectives`, `OfferRewardText`, `RequestItemsText`, `EndText`, `CompletedText`, `ObjectiveText1`, `ObjectiveText2`, `ObjectiveText3`, `ObjectiveText4`, `ReqItemId1`, `ReqItemId2`, `ReqItemId3`, `ReqItemId4`, `ReqItemId5`, `ReqItemId6`, `ReqItemCount1`, `ReqItemCount2`, `ReqItemCount3`, `ReqItemCount4`, `ReqItemCount5`, `ReqItemCount6`, `ReqSourceId1`, `ReqSourceId2`, `ReqSourceId3`, `ReqSourceId4`, `ReqSourceCount1`, `ReqSourceCount2`, `ReqSourceCount3`, `ReqSourceCount4`, `ReqCreatureOrGOId1`, `ReqCreatureOrGOId2`, `ReqCreatureOrGOId3`, `ReqCreatureOrGOId4`, `ReqCreatureOrGOCount1`, `ReqCreatureOrGOCount2`, `ReqCreatureOrGOCount3`, `ReqCreatureOrGOCount4`, `ReqSpellCast1`, `ReqSpellCast2`, `ReqSpellCast3`, `ReqSpellCast4`, `RewChoiceItemId1`, `RewChoiceItemId2`, `RewChoiceItemId3`, `RewChoiceItemId4`, `RewChoiceItemId5`, `RewChoiceItemId6`, `RewChoiceItemCount1`, `RewChoiceItemCount2`, `RewChoiceItemCount3`, `RewChoiceItemCount4`, `RewChoiceItemCount5`, `RewChoiceItemCount6`, `RewItemId1`, `RewItemId2`, `RewItemId3`, `RewItemId4`, `RewItemCount1`, `RewItemCount2`, `RewItemCount3`, `RewItemCount4`, `RewRepFaction1`, `RewRepFaction2`, `RewRepFaction3`, `RewRepFaction4`, `RewRepFaction5`, `RewRepValueId1`, `RewRepValueId2`, `RewRepValueId3`, `RewRepValueId4`, `RewRepValueId5`, `RewRepValue1`, `RewRepValue2`, `RewRepValue3`, `RewRepValue4`, `RewRepValue5`, `RewHonorAddition`, `RewHonorMultiplier`, `unk0`, `RewOrReqMoney`, `RewMoneyMaxLevel`, `RewSpell`, `RewSpellCast`, `RewMailTemplateId`, `RewMailDelaySecs`, `PointMapId`, `PointX`, `PointY`, `PointOpt`, `DetailsEmote1`, `DetailsEmote2`, `DetailsEmote3`, `DetailsEmote4`, `DetailsEmoteDelay1`, `DetailsEmoteDelay2`, `DetailsEmoteDelay3`, `DetailsEmoteDelay4`, `IncompleteEmote`, `CompleteEmote`, `OfferRewardEmote1`, `OfferRewardEmote2`, `OfferRewardEmote3`, `OfferRewardEmote4`, `OfferRewardEmoteDelay1`, `OfferRewardEmoteDelay2`, `OfferRewardEmoteDelay3`, `OfferRewardEmoteDelay4`, `StartScript`, `CompleteScript`, `WDBVerified`) VALUES
(8367,1,-25,0,61,70,0,41,690,0,0,0,0,0,0,0,0,0,0,0,8,1,0,0,0,0,0,0,0,0,0,0,0,0,'For Great Honor','Serving the Horde in one of the great battles against the Alliance is a source of great honor!  The few however, that have served the Horde in ALL of our active battlefronts are our truly great fighters.  We shall vanquish our opponents, not by fighting isolated skirmishes, but by waging a well-coordinated war.$B$BGo forth and crush the Alliance in Arathi Basin, Alterac Valley, Eye of the Storm and Warsong Gulch!  For Honor!  For the Horde!','Bring 1 Alterac Valley Mark of Honor, 1 Arathi Basin Mark of Honor, 1 Warsong Gulch Mark of Honor and 1 Eye of the Storm Mark of Honor to a Horde Warbringer in any Horde capital city or Shattrath.','Your trials have not been easy, but your courage did not escape you and your strength did not fail. Part with past tokens of victory, $C. None shall need them as a reminder of your worth. Stand up straight, $N. Today you will walk with great pride for you are a hero!','Arathi is still wet with the blood of great warriors and the clash of steel still rings throughout Alterac.  Do not waste my time unless you bring news from the front!','','','','','','',20558,20559,20560,29024,0,0,1,1,1,1,0,0,0,0,0,0,0,0,0,0,0,0,0,0,0,0,0,0,0,0,0,0,0,0,0,0,0,0,0,0,0,0,0,0,0,0,0,0,0,0,0,0,0,0,0,0,0,0,0,0,0,0,0,0,0,0,0,15,1,0,44000,75900,0,0,0,0,0,0,0,0,4,0,0,0,0,0,0,0,0,0,0,0,0,0,0,0,0,0,0,0,0),
(13476,1,-25,0,71,0,0,41,690,0,0,0,0,0,0,0,0,0,0,0,8,1,0,0,0,0,0,0,0,0,0,0,0,0,'For Great Honor','Serving the Horde in one of the great battles against the Alliance is a source of great honor!  The few however, that have served the Horde in ALL of our active battlefronts are our truly great fighters.  We shall vanquish our opponents, not by fighting isolated skirmishes, but by waging a well-coordinated war.$B$BGo forth and crush the Alliance at every front!  For Honor!  For the Horde!','Bring 1 Strand of the Ancients Mark of Honor, 1 Alterac Valley Mark of Honor, 1 Arathi Basin Mark of Honor, 1 Warsong Gulch Mark of Honor and 1 Eye of the Storm Mark of Honor to a Horde Warbringer in any Horde capital city, Shattrath, Dalaran, or Wintergrasp.','Your trials have not been easy, but your courage did not escape you and your strength did not fail. Part with past tokens of victory, $c. None shall need them as a reminder of your worth. Stand up straight, $n. Today you will walk with great pride for you are a hero!','Arathi is still wet with the blood of great warriors and the clash of steel still rings throughout Alterac. Do not waste my time unless you bring news from the front!','','','','','','',20558,20559,42425,29024,0,0,1,1,1,1,0,0,0,0,0,0,0,0,0,0,0,0,0,0,0,0,0,0,0,0,0,0,0,0,0,0,0,0,0,0,0,0,0,0,0,0,0,0,0,0,0,0,0,0,0,0,0,0,0,0,0,0,0,0,0,0,0,15,1,0,74000,132300,0,0,0,0,0,0,0,0,0,0,0,0,0,0,0,0,0,0,0,0,0,0,0,0,0,0,0,0,0);

-- Allianz
DELETE FROM quest_template WHERE `entry`=8371;
DELETE FROM quest_template WHERE `entry`=13478;
INSERT INTO `quest_template` (`entry`, `Method`, `ZoneOrSort`, `SkillOrClass`, `MinLevel`, `MaxLevel`, `QuestLevel`, `Type`, `RequiredRaces`, `RequiredSkillValue`, `RepObjectiveFaction`, `RepObjectiveValue`, `RepObjectiveFaction2`, `RepObjectiveValue2`, `RequiredMinRepFaction`, `RequiredMinRepValue`, `RequiredMaxRepFaction`, `RequiredMaxRepValue`, `SuggestedPlayers`, `LimitTime`, `QuestFlags`, `SpecialFlags`, `CharTitleId`, `PlayersSlain`, `BonusTalents`, `RewardArenaPoints`, `PrevQuestId`, `NextQuestId`, `ExclusiveGroup`, `NextQuestInChain`, `RewXPId`, `SrcItemId`, `SrcItemCount`, `SrcSpell`, `Title`, `Details`, `Objectives`, `OfferRewardText`, `RequestItemsText`, `EndText`, `CompletedText`, `ObjectiveText1`, `ObjectiveText2`, `ObjectiveText3`, `ObjectiveText4`, `ReqItemId1`, `ReqItemId2`, `ReqItemId3`, `ReqItemId4`, `ReqItemId5`, `ReqItemId6`, `ReqItemCount1`, `ReqItemCount2`, `ReqItemCount3`, `ReqItemCount4`, `ReqItemCount5`, `ReqItemCount6`, `ReqSourceId1`, `ReqSourceId2`, `ReqSourceId3`, `ReqSourceId4`, `ReqSourceCount1`, `ReqSourceCount2`, `ReqSourceCount3`, `ReqSourceCount4`, `ReqCreatureOrGOId1`, `ReqCreatureOrGOId2`, `ReqCreatureOrGOId3`, `ReqCreatureOrGOId4`, `ReqCreatureOrGOCount1`, `ReqCreatureOrGOCount2`, `ReqCreatureOrGOCount3`, `ReqCreatureOrGOCount4`, `ReqSpellCast1`, `ReqSpellCast2`, `ReqSpellCast3`, `ReqSpellCast4`, `RewChoiceItemId1`, `RewChoiceItemId2`, `RewChoiceItemId3`, `RewChoiceItemId4`, `RewChoiceItemId5`, `RewChoiceItemId6`, `RewChoiceItemCount1`, `RewChoiceItemCount2`, `RewChoiceItemCount3`, `RewChoiceItemCount4`, `RewChoiceItemCount5`, `RewChoiceItemCount6`, `RewItemId1`, `RewItemId2`, `RewItemId3`, `RewItemId4`, `RewItemCount1`, `RewItemCount2`, `RewItemCount3`, `RewItemCount4`, `RewRepFaction1`, `RewRepFaction2`, `RewRepFaction3`, `RewRepFaction4`, `RewRepFaction5`, `RewRepValueId1`, `RewRepValueId2`, `RewRepValueId3`, `RewRepValueId4`, `RewRepValueId5`, `RewRepValue1`, `RewRepValue2`, `RewRepValue3`, `RewRepValue4`, `RewRepValue5`, `RewHonorAddition`, `RewHonorMultiplier`, `unk0`, `RewOrReqMoney`, `RewMoneyMaxLevel`, `RewSpell`, `RewSpellCast`, `RewMailTemplateId`, `RewMailDelaySecs`, `PointMapId`, `PointX`, `PointY`, `PointOpt`, `DetailsEmote1`, `DetailsEmote2`, `DetailsEmote3`, `DetailsEmote4`, `DetailsEmoteDelay1`, `DetailsEmoteDelay2`, `DetailsEmoteDelay3`, `DetailsEmoteDelay4`, `IncompleteEmote`, `CompleteEmote`, `OfferRewardEmote1`, `OfferRewardEmote2`, `OfferRewardEmote3`, `OfferRewardEmote4`, `OfferRewardEmoteDelay1`, `OfferRewardEmoteDelay2`, `OfferRewardEmoteDelay3`, `OfferRewardEmoteDelay4`, `StartScript`, `CompleteScript`, `WDBVerified`) VALUES
(8371,1,-25,0,61,70,0,41,1101,0,0,0,0,0,0,0,0,0,0,0,8,1,0,0,0,0,0,0,0,0,0,0,0,0,'Concerted Efforts','We are not fighting isolated battles against the Horde anymore, $g lad:lass;.$B$BVictory in one front means denying the Horde resources they would use against us in a different battle.  By the same token, abandoning any given battle could give the advantage to our opponent somewhere else around the world.$B$BThe Alliance is in need of more combatants with this sort of worldly understanding... truly seasoned veterans!  $N, come back to me after you have served against the Horde at all of our active battlegrounds.','Bring 1 Alterac Valley Mark of Honor, 1 Arathi Basin Mark of Honor, 1 Warsong Gulch Mark of Honor and 1 Eye of the Storm Mark of Honor to an Alliance Brigadier General in any Alliance Capital City or Shattrath.','You are not one to disappoint, $N! What you have learned goes beyond petty medals and commendations. What you have learned is what can only come with experience and the hardening of one is temper in the field of battle.$B$BYou have done well, $C. You are a true hero of the Alliance!','How are yer travels faring laddie?','','','','','','',20558,20559,20560,29024,0,0,1,1,1,1,0,0,0,0,0,0,0,0,0,0,0,0,0,0,0,0,0,0,0,0,0,0,0,0,0,0,0,0,0,0,0,0,0,0,0,0,0,0,0,0,0,0,0,0,0,0,0,0,0,0,0,0,0,0,0,0,0,15,1,0,35000,67800,0,0,0,0,0,0,0,0,0,0,0,0,0,0,0,0,0,0,0,0,0,0,0,0,0,0,0,0,0),
(13478,1,-25,0,71,0,0,41,1101,0,0,0,0,0,0,0,0,0,0,0,8,1,0,0,0,0,0,0,0,0,0,0,0,0,'Concerted Efforts','We are not fighting isolated battles against the Horde anymore, $g lad:lass;.$B$BVictory in one front means denying the Horde resources they would use against us in a different battle.  By the same token, abandoning any given battle could give the advantage to our opponent somewhere else around the world.$B$BThe Alliance is in need of more combatants with this sort of worldly understanding... truly seasoned veterans!  $N, come back to me after you have served against the Horde at all of our active battlegrounds.','Bring a Mark of Honor from each battleground to an Alliance Brigadier General in any Alliance Capital City, Shattrath, Dalaran, or Wintergrasp.','You are not one to disappoint, $n! What you have ve learned goes beyond petty medals and commendations. What you have learned is what can only come with experience and the hardening of one is temper in the field of battle.$b$bYou have done well, $c. You are a true hero of the Alliance!','How are yer travels faring $gladdie:lassy;?','','','','','','',42425,20559,20558,29024,0,0,1,1,1,1,0,0,0,0,0,0,0,0,0,0,0,0,0,0,0,0,0,0,0,0,0,0,0,0,0,0,0,0,0,0,0,0,0,0,0,0,0,0,0,0,0,0,0,0,0,0,0,0,0,0,0,0,0,0,0,0,0,15,1,0,74000,132300,0,0,0,0,0,0,0,0,0,0,0,0,0,0,0,0,0,0,0,0,0,0,0,0,0,0,0,0,0);

-- PvP Daily Quests
-- Warsong
DELETE FROM quest_template WHERE `entry`=11338;
DELETE FROM quest_template WHERE `entry`=24225;
DELETE FROM quest_template WHERE `entry`=24224;
DELETE FROM quest_template WHERE `entry`=24219;
DELETE FROM quest_template WHERE `entry`=24218;
DELETE FROM quest_template WHERE `entry`=24217;
DELETE FROM quest_template WHERE `entry`=24216;
DELETE FROM quest_template WHERE `entry`=11342;
DELETE FROM quest_template WHERE `entry`=14180;
DELETE FROM quest_template WHERE `entry`=14183;
INSERT INTO `quest_template` (`entry`, `Method`, `ZoneOrSort`, `SkillOrClass`, `MinLevel`, `MaxLevel`, `QuestLevel`, `Type`, `RequiredRaces`, `RequiredSkillValue`, `RepObjectiveFaction`, `RepObjectiveValue`, `RepObjectiveFaction2`, `RepObjectiveValue2`, `RequiredMinRepFaction`, `RequiredMinRepValue`, `RequiredMaxRepFaction`, `RequiredMaxRepValue`, `SuggestedPlayers`, `LimitTime`, `QuestFlags`, `SpecialFlags`, `CharTitleId`, `PlayersSlain`, `BonusTalents`, `RewardArenaPoints`, `PrevQuestId`, `NextQuestId`, `ExclusiveGroup`, `NextQuestInChain`, `RewXPId`, `SrcItemId`, `SrcItemCount`, `SrcSpell`, `Title`, `Details`, `Objectives`, `OfferRewardText`, `RequestItemsText`, `EndText`, `CompletedText`, `ObjectiveText1`, `ObjectiveText2`, `ObjectiveText3`, `ObjectiveText4`, `ReqItemId1`, `ReqItemId2`, `ReqItemId3`, `ReqItemId4`, `ReqItemId5`, `ReqItemId6`, `ReqItemCount1`, `ReqItemCount2`, `ReqItemCount3`, `ReqItemCount4`, `ReqItemCount5`, `ReqItemCount6`, `ReqSourceId1`, `ReqSourceId2`, `ReqSourceId3`, `ReqSourceId4`, `ReqSourceCount1`, `ReqSourceCount2`, `ReqSourceCount3`, `ReqSourceCount4`, `ReqCreatureOrGOId1`, `ReqCreatureOrGOId2`, `ReqCreatureOrGOId3`, `ReqCreatureOrGOId4`, `ReqCreatureOrGOCount1`, `ReqCreatureOrGOCount2`, `ReqCreatureOrGOCount3`, `ReqCreatureOrGOCount4`, `ReqSpellCast1`, `ReqSpellCast2`, `ReqSpellCast3`, `ReqSpellCast4`, `RewChoiceItemId1`, `RewChoiceItemId2`, `RewChoiceItemId3`, `RewChoiceItemId4`, `RewChoiceItemId5`, `RewChoiceItemId6`, `RewChoiceItemCount1`, `RewChoiceItemCount2`, `RewChoiceItemCount3`, `RewChoiceItemCount4`, `RewChoiceItemCount5`, `RewChoiceItemCount6`, `RewItemId1`, `RewItemId2`, `RewItemId3`, `RewItemId4`, `RewItemCount1`, `RewItemCount2`, `RewItemCount3`, `RewItemCount4`, `RewRepFaction1`, `RewRepFaction2`, `RewRepFaction3`, `RewRepFaction4`, `RewRepFaction5`, `RewRepValueId1`, `RewRepValueId2`, `RewRepValueId3`, `RewRepValueId4`, `RewRepValueId5`, `RewRepValue1`, `RewRepValue2`, `RewRepValue3`, `RewRepValue4`, `RewRepValue5`, `RewHonorAddition`, `RewHonorMultiplier`, `unk0`, `RewOrReqMoney`, `RewMoneyMaxLevel`, `RewSpell`, `RewSpellCast`, `RewMailTemplateId`, `RewMailDelaySecs`, `PointMapId`, `PointX`, `PointY`, `PointOpt`, `DetailsEmote1`, `DetailsEmote2`, `DetailsEmote3`, `DetailsEmote4`, `DetailsEmoteDelay1`, `DetailsEmoteDelay2`, `DetailsEmoteDelay3`, `DetailsEmoteDelay4`, `IncompleteEmote`, `CompleteEmote`, `OfferRewardEmote1`, `OfferRewardEmote2`, `OfferRewardEmote3`, `OfferRewardEmote4`, `OfferRewardEmoteDelay1`, `OfferRewardEmoteDelay2`, `OfferRewardEmoteDelay3`, `OfferRewardEmoteDelay4`, `StartScript`, `CompleteScript`, `WDBVerified`) VALUES
(11338,2,3277,0,71,0,-1,41,1101,0,0,0,0,0,0,0,0,0,0,0,4098,3,0,0,0,0,0,0,0,0,0,0,0,0,'Call to Arms: Warsong Gulch','The Silverwing Sentinels fight to protect the forest in Warsong Gulch.  We aid them, not because we are tree-lovers, but because the forest forms a natural protective barrier for Alliance territory.$B$BTheir need is greater today than it is ever been.  We need to deploy reinforcements right away unless we want to see Ashenvale annexed to the Barrens!','Win a Warsong Gulch battleground match and return to an Alliance Brigadier General at any Alliance capital city, Wintergrasp, Dalaran, or Shattrath.','Excellent work, $n. The integrity of our borders must be preserved at all costs!','Tell me, $n. What news do you bring from the front?','Victory in Warsong Gulch','','','','','',0,0,0,0,0,0,0,0,0,0,0,0,0,0,0,0,0,0,0,0,0,0,0,0,0,0,0,0,0,0,0,0,0,0,0,0,0,0,0,0,0,0,0,0,0,0,0,0,0,0,0,0,0,0,0,0,0,0,0,0,0,0,0,0,0,0,0,20,1,0,74000,30150,0,0,0,0,0,0,0,0,1,0,0,0,0,0,0,0,1,1,1,0,0,0,0,0,0,0,0,0,0),
(11342,2,3277,0,71,0,-1,41,690,0,0,0,0,0,0,0,0,0,0,0,4098,3,0,0,0,0,0,0,0,0,0,0,0,0,'Call to Arms: Warsong Gulch','The Alliance is an insidious enemy, $N.  They claim to defend the Ashenvale forests to justify their acts of aggression against our territories in the Barrens.$B$BToday we have an opportunity to drive the enemy from our lands once and for all.  Go to Warsong Gulch and take back what is rightfully ours!','Win a Warsong Gulch battleground match and return to a Horde Warbringer at any Horde capital city, Wintergrasp, Dalaran, or Shattrath.$B','The Horde is in your debt, $n. you have made your people proud with your courage in defending our lands.','you are back already. Do you bring news of victory?','Victory in Warsong Gulch','','','','','',0,0,0,0,0,0,0,0,0,0,0,0,0,0,0,0,0,0,0,0,0,0,0,0,0,0,0,0,0,0,0,0,0,0,0,0,0,0,0,0,0,0,0,0,0,0,0,0,0,0,0,0,0,0,0,0,0,0,0,0,0,0,0,0,0,0,0,20,1,0,74000,30150,0,0,0,0,0,0,0,0,1,0,0,0,0,0,0,0,1,1,1,0,0,0,0,0,0,0,0,0,0),
(14180,2,3277,0,61,70,-1,41,1101,0,0,0,0,0,0,0,0,0,0,0,4098,3,0,0,0,0,0,0,0,0,0,0,0,0,'Call to Arms: Warsong Gulch','The Silverwing Sentinels fight to protect the forest in Warsong Gulch.  We aid them, not because we are tree-lovers, but because the forest forms a natural protective barrier for Alliance territory.$B$BTheir need is greater today than it is ever been.  We need to deploy reinforcements right away unless we want to see Ashenvale annexed to the Barr','Win a Warsong Gulch battleground match and return to an Alliance Brigadier General at any Alliance capital city, Wintergrasp, Dalaran, or Shattrath.','Excellent work, $n. The integrity of our borders must be preserved at all costs!','Tell me, $n. What news do you bring from the front?','Victory in Warsong Gulch','','','','','',0,0,0,0,0,0,0,0,0,0,0,0,0,0,0,0,0,0,0,0,0,0,0,0,0,0,0,0,0,0,0,0,0,0,0,0,0,0,0,0,0,0,0,0,0,0,0,0,0,0,0,0,0,0,0,0,0,0,0,0,0,0,0,0,0,0,0,20,1,0,41000,14700,0,0,0,0,0,0,0,0,1,0,0,0,0,0,0,0,1,1,1,0,0,0,0,0,0,0,0,0,0),
(14183,2,3277,0,61,70,-1,41,690,0,0,0,0,0,0,0,0,0,0,0,4098,3,0,0,0,0,0,0,0,0,0,0,0,0,'Call to Arms: Warsong Gulch','The Alliance is an insidious enemy, $N.  They claim to defend the Ashenvale forests to justify their acts of aggression against our territories in the Barrens.$B$BToday we have an opportunity to drive the enemy from our lands once and for all.  Go to Warsong Gulch and take back what is rightfully ours!','Win a Warsong Gulch battleground match and return to a Horde Warbringer at any Horde capital city, Wintergrasp, Dalaran, or Shattrath.$B','The Horde is in your debt, $n. you have made your people proud with your courage in defending our lands.','you are back already. Do you bring news of victory?','Victory in Warsong Gulch','','','','','',0,0,0,0,0,0,0,0,0,0,0,0,0,0,0,0,0,0,0,0,0,0,0,0,0,0,0,0,0,0,0,0,0,0,0,0,0,0,0,0,0,0,0,0,0,0,0,0,0,0,0,0,0,0,0,0,0,0,0,0,0,0,0,0,0,0,0,20,1,0,44000,14700,0,0,0,0,0,0,0,0,1,0,0,0,0,0,0,0,1,1,1,0,0,0,0,0,0,0,0,0,0),
(24216,2,3277,0,21,50,-1,41,690,0,0,0,0,0,0,0,0,0,0,0,4098,3,0,0,0,0,0,0,0,0,0,0,0,0,'Call to Arms: Warsong Gulch','The Alliance is an insidious enemy, $N.  They claim to defend the Ashenvale forests to justify their acts of aggression against our territories in the Barrens.$B$BToday we have an opportunity to drive the enemy from our lands once and for all.  Go to Warsong Gulch and take back what is rightfully ours!','Win a Warsong Gulch battleground match and return to a Horde Warbringer at any Horde capital city, Wintergrasp, Dalaran, or Shattrath.$B','The Horde is in your debt, $n. you have made your people proud with your courage in defending our lands.','you are back already. Do you bring news of victory?','Victory in Warsong Gulch','','','','','',0,0,0,0,0,0,0,0,0,0,0,0,0,0,0,0,0,0,0,0,0,0,0,0,0,0,0,0,0,0,0,0,0,0,0,0,0,0,0,0,0,0,0,0,0,0,0,0,0,0,0,0,0,0,0,0,0,0,0,0,0,0,0,0,0,0,0,20,1,0,3500,2500,0,0,0,0,0,0,0,0,1,0,0,0,0,0,0,0,1,1,1,0,0,0,0,0,0,0,0,0,0),
(24217,2,3277,0,11,20,-1,41,690,0,0,0,0,0,0,0,0,0,0,0,4098,3,0,0,0,0,0,0,0,0,0,0,0,0,'Call to Arms: Warsong Gulch','The Alliance is an insidious enemy, $N.  They claim to defend the Ashenvale forests to justify their acts of aggression against our territories in the Barrens.$B$BToday we have an opportunity to drive the enemy from our lands once and for all.  Go to Warsong Gulch and take back what is rightfully ours!','Win a Warsong Gulch battleground match and return to a Horde Warbringer at any Horde capital city, Wintergrasp, Dalaran, or Shattrath.$B','The Horde is in your debt, $n. you have made your people proud with your courage in defending our lands.','you are back already. Do you bring news of victory?','Victory in Warsong Gulch','','','','','',0,0,0,0,0,0,0,0,0,0,0,0,0,0,0,0,0,0,0,0,0,0,0,0,0,0,0,0,0,0,0,0,0,0,0,0,0,0,0,0,0,0,0,0,0,0,0,0,0,0,0,0,0,0,0,0,0,0,0,0,0,0,0,0,0,0,0,20,1,0,1300,1300,0,0,0,0,0,0,0,0,1,0,0,0,0,0,0,0,1,1,1,0,0,0,0,0,0,0,0,0,0),
(24218,2,3277,0,21,50,-1,41,1101,0,0,0,0,0,0,0,0,0,0,0,4098,3,0,0,0,0,0,0,0,0,0,0,0,0,'Call to Arms: Warsong Gulch','The Silverwing Sentinels fight to protect the forest in Warsong Gulch.  We aid them, not because we are tree-lovers, but because the forest forms a natural protective barrier for Alliance territory.$B$BTheir need is greater today than it is ever been.  We need to deploy reinforcements right away unless we want to see Ashenvale annexed to the Barrens!','Win a Warsong Gulch battleground match and return to an Alliance Brigadier General at any Alliance capital city, Wintergrasp, Dalaran, or Shattrath.','Excellent work, $n. The integrity of our borders must be preserved at all costs!','Tell me, $n. What news do you bring from the front?','Victory in Warsong Gulch','','','','','',0,0,0,0,0,0,0,0,0,0,0,0,0,0,0,0,0,0,0,0,0,0,0,0,0,0,0,0,0,0,0,0,0,0,0,0,0,0,0,0,0,0,0,0,0,0,0,0,0,0,0,0,0,0,0,0,0,0,0,0,0,0,0,0,0,0,0,20,1,0,3000,2500,0,0,0,0,0,0,0,0,1,0,0,0,0,0,0,0,1,1,1,0,0,0,0,0,0,0,0,0,0),
(24219,2,3277,0,11,20,-1,41,1101,0,0,0,0,0,0,0,0,0,0,0,4098,3,0,0,0,0,0,0,0,0,0,0,0,0,'Call to Arms: Warsong Gulch','The Silverwing Sentinels fight to protect the forest in Warsong Gulch.  We aid them, not because we are tree-lovers, but because the forest forms a natural protective barrier for Alliance territory.$B$BTheir need is greater today than it is ever been.  We need to deploy reinforcements right away unless we want to see Ashenvale annexed to the Barrens!','Win a Warsong Gulch battleground match and return to an Alliance Brigadier General at any Alliance capital city, Wintergrasp, Dalaran, or Shattrath.','Excellent work, $n. The integrity of our borders must be preserved at all costs!','Tell me, $n. What news do you bring from the front?','Victory in Warsong Gulch','','','','','',0,0,0,0,0,0,0,0,0,0,0,0,0,0,0,0,0,0,0,0,0,0,0,0,0,0,0,0,0,0,0,0,0,0,0,0,0,0,0,0,0,0,0,0,0,0,0,0,0,0,0,0,0,0,0,0,0,0,0,0,0,0,0,0,0,0,0,20,1,0,500,1300,0,0,0,0,0,0,0,0,1,0,0,0,0,0,0,0,1,1,1,0,0,0,0,0,0,0,0,0,0),
(24224,2,3277,0,51,60,-1,41,1101,0,0,0,0,0,0,0,0,0,0,0,4098,3,0,0,0,0,0,0,0,0,0,0,0,0,'Call to Arms: Warsong Gulch','The Silverwing Sentinels fight to protect the forest in Warsong Gulch.  We aid them, not because we are tree-lovers, but because the forest forms a natural protective barrier for Alliance territory.$B$BTheir need is greater today than it is ever been.  We need to deploy reinforcements right away unless we want to see Ashenvale annexed to the Barrens!','Win a Warsong Gulch battleground match and return to an Alliance Brigadier General at any Alliance capital city, Wintergrasp, Dalaran, or Shattrath.','Excellent work, $n. The integrity of our borders must be preserved at all costs!','Tell me, $n. What news do you bring from the front?','Victory in Warsong Gulch','','','','','',0,0,0,0,0,0,0,0,0,0,0,0,0,0,0,0,0,0,0,0,0,0,0,0,0,0,0,0,0,0,0,0,0,0,0,0,0,0,0,0,0,0,0,0,0,0,0,0,0,0,0,0,0,0,0,0,0,0,0,0,0,0,0,0,0,0,0,20,1,0,9000,10600,0,0,0,0,0,0,0,0,1,0,0,0,0,0,0,0,1,1,1,0,0,0,0,0,0,0,0,0,0),
(24225,2,3277,0,51,60,-1,41,690,0,0,0,0,0,0,0,0,0,0,0,4098,3,0,0,0,0,0,0,0,0,0,0,0,0,'Call to Arms: Warsong Gulch','The Alliance is an insidious enemy, $N.  They claim to defend the Ashenvale forests to justify their acts of aggression against our territories in the Barrens.$B$BToday we have an opportunity to drive the enemy from our lands once and for all.  Go to Warsong Gulch and take back what is rightfully ours!','Win a Warsong Gulch battleground match and return to a Horde Warbringer at any Horde capital city, Wintergrasp, Dalaran, or Shattrath.$B','The Horde is in your debt, $n. you have made your people proud with your courage in defending our lands.','you are back already. Do you bring news of victory?','Victory in Warsong Gulch','','','','','',0,0,0,0,0,0,0,0,0,0,0,0,0,0,0,0,0,0,0,0,0,0,0,0,0,0,0,0,0,0,0,0,0,0,0,0,0,0,0,0,0,0,0,0,0,0,0,0,0,0,0,0,0,0,0,0,0,0,0,0,0,0,0,0,0,0,0,20,1,0,9000,10600,0,0,0,0,0,0,0,0,1,0,0,0,0,0,0,0,1,1,1,0,0,0,0,0,0,0,0,0,0);

-- Arathi
DELETE FROM quest_template WHERE `entry`=11335;
DELETE FROM quest_template WHERE `entry`=11339;
DELETE FROM quest_template WHERE `entry`=14178;
DELETE FROM quest_template WHERE `entry`=14181;
DELETE FROM quest_template WHERE `entry`=24220;
DELETE FROM quest_template WHERE `entry`=24223;
DELETE FROM quest_template WHERE `entry`=24226;
INSERT INTO `quest_template` (`entry`, `Method`, `ZoneOrSort`, `SkillOrClass`, `MinLevel`, `MaxLevel`, `QuestLevel`, `Type`, `RequiredRaces`, `RequiredSkillValue`, `RepObjectiveFaction`, `RepObjectiveValue`, `RepObjectiveFaction2`, `RepObjectiveValue2`, `RequiredMinRepFaction`, `RequiredMinRepValue`, `RequiredMaxRepFaction`, `RequiredMaxRepValue`, `SuggestedPlayers`, `LimitTime`, `QuestFlags`, `SpecialFlags`, `CharTitleId`, `PlayersSlain`, `BonusTalents`, `RewardArenaPoints`, `PrevQuestId`, `NextQuestId`, `ExclusiveGroup`, `NextQuestInChain`, `RewXPId`, `SrcItemId`, `SrcItemCount`, `SrcSpell`, `Title`, `Details`, `Objectives`, `OfferRewardText`, `RequestItemsText`, `EndText`, `CompletedText`, `ObjectiveText1`, `ObjectiveText2`, `ObjectiveText3`, `ObjectiveText4`, `ReqItemId1`, `ReqItemId2`, `ReqItemId3`, `ReqItemId4`, `ReqItemId5`, `ReqItemId6`, `ReqItemCount1`, `ReqItemCount2`, `ReqItemCount3`, `ReqItemCount4`, `ReqItemCount5`, `ReqItemCount6`, `ReqSourceId1`, `ReqSourceId2`, `ReqSourceId3`, `ReqSourceId4`, `ReqSourceCount1`, `ReqSourceCount2`, `ReqSourceCount3`, `ReqSourceCount4`, `ReqCreatureOrGOId1`, `ReqCreatureOrGOId2`, `ReqCreatureOrGOId3`, `ReqCreatureOrGOId4`, `ReqCreatureOrGOCount1`, `ReqCreatureOrGOCount2`, `ReqCreatureOrGOCount3`, `ReqCreatureOrGOCount4`, `ReqSpellCast1`, `ReqSpellCast2`, `ReqSpellCast3`, `ReqSpellCast4`, `RewChoiceItemId1`, `RewChoiceItemId2`, `RewChoiceItemId3`, `RewChoiceItemId4`, `RewChoiceItemId5`, `RewChoiceItemId6`, `RewChoiceItemCount1`, `RewChoiceItemCount2`, `RewChoiceItemCount3`, `RewChoiceItemCount4`, `RewChoiceItemCount5`, `RewChoiceItemCount6`, `RewItemId1`, `RewItemId2`, `RewItemId3`, `RewItemId4`, `RewItemCount1`, `RewItemCount2`, `RewItemCount3`, `RewItemCount4`, `RewRepFaction1`, `RewRepFaction2`, `RewRepFaction3`, `RewRepFaction4`, `RewRepFaction5`, `RewRepValueId1`, `RewRepValueId2`, `RewRepValueId3`, `RewRepValueId4`, `RewRepValueId5`, `RewRepValue1`, `RewRepValue2`, `RewRepValue3`, `RewRepValue4`, `RewRepValue5`, `RewHonorAddition`, `RewHonorMultiplier`, `unk0`, `RewOrReqMoney`, `RewMoneyMaxLevel`, `RewSpell`, `RewSpellCast`, `RewMailTemplateId`, `RewMailDelaySecs`, `PointMapId`, `PointX`, `PointY`, `PointOpt`, `DetailsEmote1`, `DetailsEmote2`, `DetailsEmote3`, `DetailsEmote4`, `DetailsEmoteDelay1`, `DetailsEmoteDelay2`, `DetailsEmoteDelay3`, `DetailsEmoteDelay4`, `IncompleteEmote`, `CompleteEmote`, `OfferRewardEmote1`, `OfferRewardEmote2`, `OfferRewardEmote3`, `OfferRewardEmote4`, `OfferRewardEmoteDelay1`, `OfferRewardEmoteDelay2`, `OfferRewardEmoteDelay3`, `OfferRewardEmoteDelay4`, `StartScript`, `CompleteScript`, `WDBVerified`) VALUES
(11335,2,3358,0,71,0,-1,41,1101,0,0,0,0,0,0,0,0,0,0,0,4098,3,0,0,0,0,0,0,0,0,0,0,0,0,'Call to Arms: Arathi Basin','The reality of fighting on multiple fronts, $g lad : lass;, is that we cannot spread our forces too thin or we risk losing it all!$B$BCritical troop deployments are necessary on a day by day basis.  Today it is the battle of Arathi Basin that demands immediate reinforcements.$B$BReturn to me with news of victory, $N.  We cannot allow the Horde scum to secure the resources that are rightfully ours!','Win an Arathi Basin battleground match and return to an Alliance Brigadier General at any Alliance capital city, Wintergrasp, Dalaran, or Shattrath.','Excellent news, $c!  If our tactical deployments continue to be this successful, the Horde will be in full retreat before long.','Tell me, $n. What news do you bring from the front?','Victory in Arathi Basin','','','','','',0,0,0,0,0,0,0,0,0,0,0,0,0,0,0,0,0,0,0,0,0,0,0,0,0,0,0,0,0,0,0,0,0,0,0,0,0,0,0,0,0,0,0,0,0,0,0,0,0,0,0,0,0,0,0,0,0,0,0,0,0,0,0,0,0,0,0,20,1,0,65000,30150,0,0,0,0,0,0,0,0,4,0,0,0,0,0,0,0,1,1,1,0,0,0,0,0,0,0,0,0,0),
(11339,2,3358,0,71,0,-1,41,690,0,0,0,0,0,0,0,0,0,0,0,4098,3,0,0,0,0,0,0,0,0,0,0,0,0,'Call to Arms: Arathi Basin','Arathi Basin is on the verge of being lost to Alliance forces.  We must send reinforcements at this very moment or all our efforts will have been in vain.$B$BDo not delay, $c, go to Arathi Basin and crush the enemy.  Victory to the Horde!','Win an Arathi Basin battleground match and return to a Horde Warbringer at any Horde capital city, Wintergrasp, Dalaran, or Shattrath.','it is brought great honor to the Horde, $n. Your victory today will ensure a thousand victories tomorrow!','it is back already.  Do you bring news of victory?','Victory in Arathi Basin','','','','','',0,0,0,0,0,0,0,0,0,0,0,0,0,0,0,0,0,0,0,0,0,0,0,0,0,0,0,0,0,0,0,0,0,0,0,0,0,0,0,0,0,0,0,0,0,0,0,0,0,0,0,0,0,0,0,0,0,0,0,0,0,0,0,0,0,0,0,20,1,0,74000,30150,0,0,0,0,0,0,0,0,4,0,0,0,0,0,0,0,0,1,1,0,0,0,0,0,0,0,0,0,0),
(14178,2,3358,0,61,70,-1,41,1101,0,0,0,0,0,0,0,0,0,0,0,4098,3,0,0,0,0,0,0,0,0,0,0,0,0,'Call to Arms: Arathi Basin','The reality of fighting on multiple fronts, $g lad : lass;, is that we cannot spread our forces too thin or we risk losing it all!$B$BCritical troop deployments are necessary on a day by day basis.  Today it is the battle of Arathi Basin that demands immediate reinforcements.$B$BReturn to me with news of victory, $N.  We cannot allow the Horde scum to secure the resources that are rightfully ours!','Win an Arathi Basin battleground match and return to an Alliance Brigadier General at any Alliance capital city, Wintergrasp, Dalaran, or Shattrath.','Excellent news, $c!  If our tactical deployments continue to be this successful, the Horde will be in full retreat before long.','Tell me, $n. What news do you bring from the front?','Victory in Arathi Basin','','','','','',0,0,0,0,0,0,0,0,0,0,0,0,0,0,0,0,0,0,0,0,0,0,0,0,0,0,0,0,0,0,0,0,0,0,0,0,0,0,0,0,0,0,0,0,0,0,0,0,0,0,0,0,0,0,0,0,0,0,0,0,0,0,0,0,0,0,0,20,1,0,44000,14700,0,0,0,0,0,0,0,0,4,0,0,0,0,0,0,0,1,1,1,0,0,0,0,0,0,0,0,0,0),
(14181,2,3358,0,61,70,-1,41,690,0,0,0,0,0,0,0,0,0,0,0,4098,3,0,0,0,0,0,0,0,0,0,0,0,0,'Call to Arms: Arathi Basin','Arathi Basin is on the verge of being lost to Alliance forces.  We must send reinforcements at this very moment or all our efforts will have been in vain.$B$BDo not delay, $c, go to Arathi Basin and crush the enemy.  ','Win an Arathi Basin battleground match and return to a Horde Warbringer at any Horde capital city, Wintergrasp, Dalaran, or Shattrath.','it is brought great honor to the Horde, $n. Your victory today will ensure a thousand victories tomorrow!','it is back already.  Do you bring news of victory?','Victory in Arathi Basin','','','','','',0,0,0,0,0,0,0,0,0,0,0,0,0,0,0,0,0,0,0,0,0,0,0,0,0,0,0,0,0,0,0,0,0,0,0,0,0,0,0,0,0,0,0,0,0,0,0,0,0,0,0,0,0,0,0,0,0,0,0,0,0,0,0,0,0,0,0,20,1,0,44000,14700,0,0,0,0,0,0,0,0,4,0,0,0,0,0,0,0,0,1,1,0,0,0,0,0,0,0,0,0,0),
(24220,2,3358,0,21,50,-1,41,1101,0,0,0,0,0,0,0,0,0,0,0,4098,3,0,0,0,0,0,0,0,0,0,0,0,0,'Call to Arms: Arathi Basin','The reality of fighting on multiple fronts, $g lad : lass;, is that we cannot spread our forces too thin or we risk losing it all!$B$BCritical troop deployments are necessary on a day by day basis.  Today it is the battle of Arathi Basin that demands immediate reinforcements.$B$BReturn to me with news of victory, $N.  We cannot allow the Horde scum to secure the resources that are rightfully ours!','Win an Arathi Basin battleground match and return to an Alliance Brigadier General at any Alliance capital city, Wintergrasp, Dalaran, or Shattrath.','Excellent news, $c!  If our tactical deployments continue to be this successful, the Horde will be in full retreat before long.','Tell me, $n. What news do you bring from the front?','Victory in Arathi Basin','','','','','',0,0,0,0,0,0,0,0,0,0,0,0,0,0,0,0,0,0,0,0,0,0,0,0,0,0,0,0,0,0,0,0,0,0,0,0,0,0,0,0,0,0,0,0,0,0,0,0,0,0,0,0,0,0,0,0,0,0,0,0,0,0,0,0,0,0,0,20,1,0,5500,2500,0,0,0,0,0,0,0,0,4,0,0,0,0,0,0,0,1,1,1,0,0,0,0,0,0,0,0,0,0),
(24223,2,3358,0,51,60,-1,41,1101,0,0,0,0,0,0,0,0,0,0,0,4098,3,0,0,0,0,0,0,0,0,0,0,0,0,'Call to Arms: Arathi Basin','The reality of fighting on multiple fronts, $g lad : lass;, is that we cannot spread our forces too thin or we risk losing it all!$B$BCritical troop deployments are necessary on a day by day basis.  Today it is the battle of Arathi Basin that demands immediate reinforcements.$B$BReturn to me with news of victory, $N.  We cannot allow the Horde scum to secure the resources that are rightfully ours!','Win an Arathi Basin battleground match and return to an Alliance Brigadier General at any Alliance capital city, Wintergrasp, Dalaran, or Shattrath.','Excellent news, $c!  If our tactical deployments continue to be this successful, the Horde will be in full retreat before long.','Tell me, $n. What news do you bring from the front?','Victory in Arathi Basin','','','','','',0,0,0,0,0,0,0,0,0,0,0,0,0,0,0,0,0,0,0,0,0,0,0,0,0,0,0,0,0,0,0,0,0,0,0,0,0,0,0,0,0,0,0,0,0,0,0,0,0,0,0,0,0,0,0,0,0,0,0,0,0,0,0,0,0,0,0,20,1,0,9000,10600,0,0,0,0,0,0,0,0,4,0,0,0,0,0,0,0,1,1,1,0,0,0,0,0,0,0,0,0,0),
(24226,2,3358,0,51,60,-1,41,690,0,0,0,0,0,0,0,0,0,0,0,4098,3,0,0,0,0,0,0,0,0,0,0,0,0,'Call to Arms: Arathi Basin','Arathi Basin is on the verge of being lost to Alliance forces.  We must send reinforcements at this very moment or all our efforts will have been in vain.$B$BDo not delay, $c, go to Arathi Basin and crush the enemy.  ','Win an Arathi Basin battleground match and return to a Horde Warbringer at any Horde capital city, Wintergrasp, Dalaran, or Shattrath.','it is brought great honor to the Horde, $n. Your victory today will ensure a thousand victories tomorrow!','it is back already.  Do you bring news of victory?','Victory in Arathi Basin','','','','','',0,0,0,0,0,0,0,0,0,0,0,0,0,0,0,0,0,0,0,0,0,0,0,0,0,0,0,0,0,0,0,0,0,0,0,0,0,0,0,0,0,0,0,0,0,0,0,0,0,0,0,0,0,0,0,0,0,0,0,0,0,0,0,0,0,0,0,20,1,0,9000,10600,0,0,0,0,0,0,0,0,4,0,0,0,0,0,0,0,0,1,1,0,0,0,0,0,0,0,0,0,0);

-- Alterac
DELETE FROM quest_template WHERE `entry`=11336;
DELETE FROM quest_template WHERE `entry`=11340;
DELETE FROM quest_template WHERE `entry`=13427;
DELETE FROM quest_template WHERE `entry`=13428;
DELETE FROM quest_template WHERE `entry`=24426;
DELETE FROM quest_template WHERE `entry`=24427;
INSERT INTO `quest_template` (`entry`, `Method`, `ZoneOrSort`, `SkillOrClass`, `MinLevel`, `MaxLevel`, `QuestLevel`, `Type`, `RequiredRaces`, `RequiredSkillValue`, `RepObjectiveFaction`, `RepObjectiveValue`, `RepObjectiveFaction2`, `RepObjectiveValue2`, `RequiredMinRepFaction`, `RequiredMinRepValue`, `RequiredMaxRepFaction`, `RequiredMaxRepValue`, `SuggestedPlayers`, `LimitTime`, `QuestFlags`, `SpecialFlags`, `CharTitleId`, `PlayersSlain`, `BonusTalents`, `RewardArenaPoints`, `PrevQuestId`, `NextQuestId`, `ExclusiveGroup`, `NextQuestInChain`, `RewXPId`, `SrcItemId`, `SrcItemCount`, `SrcSpell`, `Title`, `Details`, `Objectives`, `OfferRewardText`, `RequestItemsText`, `EndText`, `CompletedText`, `ObjectiveText1`, `ObjectiveText2`, `ObjectiveText3`, `ObjectiveText4`, `ReqItemId1`, `ReqItemId2`, `ReqItemId3`, `ReqItemId4`, `ReqItemId5`, `ReqItemId6`, `ReqItemCount1`, `ReqItemCount2`, `ReqItemCount3`, `ReqItemCount4`, `ReqItemCount5`, `ReqItemCount6`, `ReqSourceId1`, `ReqSourceId2`, `ReqSourceId3`, `ReqSourceId4`, `ReqSourceCount1`, `ReqSourceCount2`, `ReqSourceCount3`, `ReqSourceCount4`, `ReqCreatureOrGOId1`, `ReqCreatureOrGOId2`, `ReqCreatureOrGOId3`, `ReqCreatureOrGOId4`, `ReqCreatureOrGOCount1`, `ReqCreatureOrGOCount2`, `ReqCreatureOrGOCount3`, `ReqCreatureOrGOCount4`, `ReqSpellCast1`, `ReqSpellCast2`, `ReqSpellCast3`, `ReqSpellCast4`, `RewChoiceItemId1`, `RewChoiceItemId2`, `RewChoiceItemId3`, `RewChoiceItemId4`, `RewChoiceItemId5`, `RewChoiceItemId6`, `RewChoiceItemCount1`, `RewChoiceItemCount2`, `RewChoiceItemCount3`, `RewChoiceItemCount4`, `RewChoiceItemCount5`, `RewChoiceItemCount6`, `RewItemId1`, `RewItemId2`, `RewItemId3`, `RewItemId4`, `RewItemCount1`, `RewItemCount2`, `RewItemCount3`, `RewItemCount4`, `RewRepFaction1`, `RewRepFaction2`, `RewRepFaction3`, `RewRepFaction4`, `RewRepFaction5`, `RewRepValueId1`, `RewRepValueId2`, `RewRepValueId3`, `RewRepValueId4`, `RewRepValueId5`, `RewRepValue1`, `RewRepValue2`, `RewRepValue3`, `RewRepValue4`, `RewRepValue5`, `RewHonorAddition`, `RewHonorMultiplier`, `unk0`, `RewOrReqMoney`, `RewMoneyMaxLevel`, `RewSpell`, `RewSpellCast`, `RewMailTemplateId`, `RewMailDelaySecs`, `PointMapId`, `PointX`, `PointY`, `PointOpt`, `DetailsEmote1`, `DetailsEmote2`, `DetailsEmote3`, `DetailsEmote4`, `DetailsEmoteDelay1`, `DetailsEmoteDelay2`, `DetailsEmoteDelay3`, `DetailsEmoteDelay4`, `IncompleteEmote`, `CompleteEmote`, `OfferRewardEmote1`, `OfferRewardEmote2`, `OfferRewardEmote3`, `OfferRewardEmote4`, `OfferRewardEmoteDelay1`, `OfferRewardEmoteDelay2`, `OfferRewardEmoteDelay3`, `OfferRewardEmoteDelay4`, `StartScript`, `CompleteScript`, `WDBVerified`) VALUES
(11336,2,2597,0,71,0,-1,41,1101,0,0,0,0,0,0,0,0,0,0,0,4098,3,0,0,0,0,0,0,0,0,0,0,0,0,'Call to Arms: Alterac Valley','The reality of fighting on multiple fronts, $g lad : lass;, is that we cannot spread our forces too thin or we risk losing it all!$B$BCritical troop deployments are necessary on a day by day basis.  Today it is the battle for Alterac Valley that is in most need of brave combatants.$B$BGo now, $N, and aid the Stormpike Expedition.  We cannot allow the Frostwolf Clan to get away with the violence they have inflicted on our brethren!','Win an Alterac Valley battleground match and return to an Alliance Brigadier General at any Alliance capital city, Wintergrasp, Dalaran, or Shattrath.$B','Just what I wanted to hear! A victory in Alterac Valley - even a temporary one - is crucial to our overall strategy against the Horde.','Tell me, $n. What news do you bring from the front?','Victory in Alterac Valley','','','','','',0,0,0,0,0,0,0,0,0,0,0,0,0,0,0,0,0,0,0,0,0,0,0,0,0,0,0,0,0,0,0,0,0,0,0,0,0,0,0,0,0,0,0,0,0,0,0,0,0,0,0,0,0,0,0,0,0,0,0,0,0,0,0,0,0,0,0,20,1,0,74000,30150,0,0,0,0,0,0,0,0,1,0,0,0,0,0,0,0,1,1,1,0,0,0,0,0,0,0,0,0,0),
(11340,2,2597,0,71,0,-1,41,690,0,0,0,0,0,0,0,0,0,0,0,4098,3,0,0,0,0,0,0,0,0,0,0,0,0,'Call to Arms: Alterac Valley','we have recently come extremely close to driving the Stormpike invaders from Alterac Valley.  As a result it is redirecting all our reinforcements to aid the Frostwolf Clan.$B$BA decisive victory there would free up the resources we need to crush the Alliance scum on all the other battlefronts.$B$BGo, $N.  Earn great honor by heeding the call of the brave Frostwolf warriors.','Win an Alterac Valley battleground match and return to a Horde Warbringer at any Horde capital city, Wintergrasp, Dalaran, or Shattrath.','There is no greater honor than driving invaders from Horde territories. We salute your great courage in aiding our forces today!','it is back!  Do you bring news of victory?','Victory in Alterac Valley','','','','','',0,0,0,0,0,0,0,0,0,0,0,0,0,0,0,0,0,0,0,0,0,0,0,0,0,0,0,0,0,0,0,0,0,0,0,0,0,0,0,0,0,0,0,0,0,0,0,0,0,0,0,0,0,0,0,0,0,0,0,0,0,0,0,0,0,0,0,20,1,0,74000,30150,0,0,0,0,0,0,0,0,1,0,0,0,0,0,0,0,1,1,1,0,0,0,0,0,0,0,0,0,0),
(13427,2,2597,0,61,70,-1,41,1101,0,0,0,0,0,0,0,0,0,0,0,4098,3,0,0,0,0,0,0,0,0,0,0,0,0,'Call to Arms: Alterac Valley','The reality of fighting on multiple fronts, $g lad : lass;, is that we cannot spread our forces too thin or we risk losing it all!$B$BCritical troop deployments are necessary on a day by day basis.  Today it is the battle for Alterac Valley that is in most need of brave combatants.$B$BGo now, $N, and aid the Stormpike Expedition.  We cannot allow the Frostwolf Clan to get away with the violence they have inflicted on our brethren!','Win an Alterac Valley battleground match and return to an Alliance Brigadier General at any Alliance capital city, Dalaran or Shattrath.
','Just what I wanted to hear! A victory in Alterac Valley - even a temporary one - is crucial to our overall strategy against the Horde.','Tell me, $N. What news do you bring from the front?','Victory in Alterac Valley','','','','','',0,0,0,0,0,0,0,0,0,0,0,0,0,0,0,0,0,0,0,0,0,0,0,0,0,0,0,0,0,0,0,0,0,0,0,0,0,0,0,0,0,0,0,0,0,0,0,0,0,0,0,0,0,0,0,0,0,0,0,0,0,0,0,0,0,0,0,20,1,0,35000,14700,0,0,0,0,0,0,0,0,1,0,0,0,0,0,0,0,1,1,1,0,0,0,0,0,0,0,0,0,0),
(13428,2,2597,0,61,70,-1,41,690,0,0,0,0,0,0,0,0,0,0,0,4098,3,0,0,0,0,0,0,0,0,0,0,0,0,'Call to Arms: Alterac Valley','we have recently come extremely close to driving the Stormpike invaders from Alterac Valley.  As a result it is redirecting all our reinforcements to aid the Frostwolf Clan.$B$BA decisive victory there would free up the resources we need to crush the Alliance scum on all the other battlefronts.$B$BGo, $N.  Earn great honor by heeding the call of the brave Frostwolf warriors.','Win an Alterac Valley battleground match and return to a Horde Warbringer at any Horde capital city, Dalaran or Shattrath.','There is no greater honor than driving invaders from Horde territories. We salute your great courage in aiding our forces today!','it is back! Do you bring news of victory?','Victory in Alterac Valley','','','','','',0,0,0,0,0,0,0,0,0,0,0,0,0,0,0,0,0,0,0,0,0,0,0,0,0,0,0,0,0,0,0,0,0,0,0,0,0,0,0,0,0,0,0,0,0,0,0,0,0,0,0,0,0,0,0,0,0,0,0,0,0,0,0,0,0,0,0,20,1,0,37000,14700,0,0,0,0,0,0,0,0,1,0,0,0,0,0,0,0,1,1,1,0,0,0,0,0,0,0,0,0,0),
(24426,2,2597,0,51,60,-1,41,690,0,0,0,0,0,0,0,0,0,0,0,4098,3,0,0,0,0,0,0,0,0,0,0,0,0,'Call to Arms: Alterac Valley','we have recently come extremely close to driving the Stormpike invaders from Alterac Valley.  As a result it is redirecting all our reinforcements to aid the Frostwolf Clan.$B$BA decisive victory there would free up the resources we need to crush the Alliance scum on all the other battlefronts.$B$BGo, $N.  Earn great honor by heeding the call of the brave Frostwolf warriors.','Win an Alterac Valley battleground match and return to a Horde Warbringer at any Horde capital city, Wintergrasp, Dalaran, or Shattrath.','There is no greater honor than driving invaders from Horde territories. We salute your great courage in aiding our forces today!','it is back!  Do you bring news of victory?','Victory in Alterac Valley','','','','','',0,0,0,0,0,0,0,0,0,0,0,0,0,0,0,0,0,0,0,0,0,0,0,0,0,0,0,0,0,0,0,0,0,0,0,0,0,0,0,0,0,0,0,0,0,0,0,0,0,0,0,0,0,0,0,0,0,0,0,0,0,0,0,0,0,0,0,20,1,0,9000,10600,0,0,0,0,0,0,0,0,1,0,0,0,0,0,0,0,1,1,1,0,0,0,0,0,0,0,0,0,0),
(24427,2,2597,0,51,60,-1,41,1101,0,0,0,0,0,0,0,0,0,0,0,4098,3,0,0,0,0,0,0,0,0,0,0,0,0,'Call to Arms: Alterac Valley','The reality of fighting on multiple fronts, $g lad : lass;, is that we cannot spread our forces too thin or we risk losing it all!$B$BCritical troop deployments are necessary on a day by day basis.  Today it is the battle for Alterac Valley that is in most need of brave combatants.$B$BGo now, $N, and aid the Stormpike Expedition.  We cannot allow the Frostwolf Clan to get away with the violence they have inflicted on our brethren!','Win an Alterac Valley battleground match and return to an Alliance Brigadier General at any Alliance capital city, Wintergrasp, Dalaran, or Shattrath.$B','Just what I wanted to hear! A victory in Alterac Valley - even a temporary one - is crucial to our overall strategy against the Horde.','Tell me, $n. What news do you bring from the front?','Victory in Alterac Valley','','','','','',0,0,0,0,0,0,0,0,0,0,0,0,0,0,0,0,0,0,0,0,0,0,0,0,0,0,0,0,0,0,0,0,0,0,0,0,0,0,0,0,0,0,0,0,0,0,0,0,0,0,0,0,0,0,0,0,0,0,0,0,0,0,0,0,0,0,0,20,1,0,8500,10600,0,0,0,0,0,0,0,0,1,0,0,0,0,0,0,0,1,1,1,0,0,0,0,0,0,0,0,0,0);

-- Auge des Sturms
DELETE FROM quest_template WHERE `entry`=11337;
DELETE FROM quest_template WHERE `entry`=11341;
DELETE FROM quest_template WHERE `entry`=14179;
DELETE FROM quest_template WHERE `entry`=14182;
INSERT INTO `quest_template` (`entry`, `Method`, `ZoneOrSort`, `SkillOrClass`, `MinLevel`, `MaxLevel`, `QuestLevel`, `Type`, `RequiredRaces`, `RequiredSkillValue`, `RepObjectiveFaction`, `RepObjectiveValue`, `RepObjectiveFaction2`, `RepObjectiveValue2`, `RequiredMinRepFaction`, `RequiredMinRepValue`, `RequiredMaxRepFaction`, `RequiredMaxRepValue`, `SuggestedPlayers`, `LimitTime`, `QuestFlags`, `SpecialFlags`, `CharTitleId`, `PlayersSlain`, `BonusTalents`, `RewardArenaPoints`, `PrevQuestId`, `NextQuestId`, `ExclusiveGroup`, `NextQuestInChain`, `RewXPId`, `SrcItemId`, `SrcItemCount`, `SrcSpell`, `Title`, `Details`, `Objectives`, `OfferRewardText`, `RequestItemsText`, `EndText`, `CompletedText`, `ObjectiveText1`, `ObjectiveText2`, `ObjectiveText3`, `ObjectiveText4`, `ReqItemId1`, `ReqItemId2`, `ReqItemId3`, `ReqItemId4`, `ReqItemId5`, `ReqItemId6`, `ReqItemCount1`, `ReqItemCount2`, `ReqItemCount3`, `ReqItemCount4`, `ReqItemCount5`, `ReqItemCount6`, `ReqSourceId1`, `ReqSourceId2`, `ReqSourceId3`, `ReqSourceId4`, `ReqSourceCount1`, `ReqSourceCount2`, `ReqSourceCount3`, `ReqSourceCount4`, `ReqCreatureOrGOId1`, `ReqCreatureOrGOId2`, `ReqCreatureOrGOId3`, `ReqCreatureOrGOId4`, `ReqCreatureOrGOCount1`, `ReqCreatureOrGOCount2`, `ReqCreatureOrGOCount3`, `ReqCreatureOrGOCount4`, `ReqSpellCast1`, `ReqSpellCast2`, `ReqSpellCast3`, `ReqSpellCast4`, `RewChoiceItemId1`, `RewChoiceItemId2`, `RewChoiceItemId3`, `RewChoiceItemId4`, `RewChoiceItemId5`, `RewChoiceItemId6`, `RewChoiceItemCount1`, `RewChoiceItemCount2`, `RewChoiceItemCount3`, `RewChoiceItemCount4`, `RewChoiceItemCount5`, `RewChoiceItemCount6`, `RewItemId1`, `RewItemId2`, `RewItemId3`, `RewItemId4`, `RewItemCount1`, `RewItemCount2`, `RewItemCount3`, `RewItemCount4`, `RewRepFaction1`, `RewRepFaction2`, `RewRepFaction3`, `RewRepFaction4`, `RewRepFaction5`, `RewRepValueId1`, `RewRepValueId2`, `RewRepValueId3`, `RewRepValueId4`, `RewRepValueId5`, `RewRepValue1`, `RewRepValue2`, `RewRepValue3`, `RewRepValue4`, `RewRepValue5`, `RewHonorAddition`, `RewHonorMultiplier`, `unk0`, `RewOrReqMoney`, `RewMoneyMaxLevel`, `RewSpell`, `RewSpellCast`, `RewMailTemplateId`, `RewMailDelaySecs`, `PointMapId`, `PointX`, `PointY`, `PointOpt`, `DetailsEmote1`, `DetailsEmote2`, `DetailsEmote3`, `DetailsEmote4`, `DetailsEmoteDelay1`, `DetailsEmoteDelay2`, `DetailsEmoteDelay3`, `DetailsEmoteDelay4`, `IncompleteEmote`, `CompleteEmote`, `OfferRewardEmote1`, `OfferRewardEmote2`, `OfferRewardEmote3`, `OfferRewardEmote4`, `OfferRewardEmoteDelay1`, `OfferRewardEmoteDelay2`, `OfferRewardEmoteDelay3`, `OfferRewardEmoteDelay4`, `StartScript`, `CompleteScript`, `WDBVerified`) VALUES
(11337,2,3820,0,71,0,-1,41,1101,0,0,0,0,0,0,0,0,0,0,0,4226,3,0,0,0,0,0,0,0,0,0,0,0,0,'Call to Arms: Eye of the Storm','The fight against the Horde knows no boundaries, $N.  Even in Outland, territorial disputes and old hatreds are enough to tip the scales in favor of war.$B$BGo into the Eye of the Storm and make sure the Alliance prevails in Outland just like it has in Azeroth.','Win an Eye of the Storm battleground match and return to an Alliance Brigadier General at any Alliance capital city, Wintergrasp, Dalaran, or Shattrath.','we have come one step closer to achieving total victory over the Horde. We cannot allow the enemy to obtain a foothold in this world or any other.','Tell me, $n. What news do you bring from the front?','Victory in the Eye of the Storm','','','','','',0,0,0,0,0,0,0,0,0,0,0,0,0,0,0,0,0,0,0,0,0,0,0,0,0,0,0,0,0,0,0,0,0,0,0,0,0,0,0,0,0,0,0,0,0,0,0,0,0,0,0,0,0,0,0,0,0,0,0,0,0,0,0,0,0,0,0,20,1,0,74000,30150,0,0,0,0,0,0,0,0,1,0,0,0,0,0,0,0,1,1,1,0,0,0,0,0,0,0,0,0,0),
(11341,2,3820,0,71,0,-1,41,690,0,0,0,0,0,0,0,0,0,0,0,4226,3,0,0,0,0,0,0,0,0,0,0,0,0,'Call to Arms: Eye of the Storm','We will fight and crush the enemy wherever we find them.  Azeroth, Outland, the place makes no difference.$B$BWe cannot allow the Alliance to establish superiority in the Eye of the Storm.  Take the battle to them today... tomorrow it might be too late!','Win an Eye of the Storm battleground match and return to a Horde Warbringer at any Horde capital city, Wintergrasp, Dalaran,  or Shattrath.','You bring honor to us all, $n. We must show the enemy that we will fight them wherever we find them.','you are back already. Do you bring news of victory?','Victory in Eye of the Storm','','','','','',0,0,0,0,0,0,0,0,0,0,0,0,0,0,0,0,0,0,0,0,0,0,0,0,0,0,0,0,0,0,0,0,0,0,0,0,0,0,0,0,0,0,0,0,0,0,0,0,0,0,0,0,0,0,0,0,0,0,0,0,0,0,0,0,0,0,0,20,1,0,74000,30150,0,0,0,0,0,0,0,0,1,0,0,0,0,0,0,0,1,1,1,0,0,0,0,0,0,0,0,0,0),
(14179,2,3820,0,61,70,-1,41,1101,0,0,0,0,0,0,0,0,0,0,0,4226,3,0,0,0,0,0,0,0,0,0,0,0,0,'Call to Arms: Eye of the Storm','The fight against the Horde knows no boundaries, $N.  Even in Outland, territorial disputes and old hatreds are enough to tip the scales in favor of war.$B$BGo into the Eye of the Storm and make sure the Alliance prevails in Outland just like it has in Azeroth.','Win an Eye of the Storm battleground match and return to an Alliance Brigadier General at any Alliance capital city, Wintergrasp, Dalaran, or Shattrath.','we have come one step closer to achieving total victory over the Horde. We cannot allow the enemy to obtain a foothold in this world or any other.','Tell me, $n. What news do you bring from the front?','Victory in the Eye of the Storm','','','','','',0,0,0,0,0,0,0,0,0,0,0,0,0,0,0,0,0,0,0,0,0,0,0,0,0,0,0,0,0,0,0,0,0,0,0,0,0,0,0,0,0,0,0,0,0,0,0,0,0,0,0,0,0,0,0,0,0,0,0,0,0,0,0,0,0,0,0,20,1,0,41000,14700,0,0,0,0,0,0,0,0,1,0,0,0,0,0,0,0,1,1,1,0,0,0,0,0,0,0,0,0,0),
(14182,2,3820,0,61,70,-1,41,690,0,0,0,0,0,0,0,0,0,0,0,4226,3,0,0,0,0,0,0,0,0,0,0,0,0,'Call to Arms: Eye of the Storm','We will fight and crush the enemy wherever we find them.  Azeroth, Outland, the place makes no difference.$B$BWe cannot allow the Alliance to establish superiority in the Eye of the Storm.  Take the battle to them today... tomorrow it might be too late!','Win an Eye of the Storm battleground match and return to a Horde Warbringer at any Horde capital city, Wintergrasp, Dalaran,  or Shattrath.','You bring honor to us all, $n. We must show the enemy that we will fight them wherever we find them.','you are back already. Do you bring news of victory?','Victory in Eye of the Storm','','','','','',0,0,0,0,0,0,0,0,0,0,0,0,0,0,0,0,0,0,0,0,0,0,0,0,0,0,0,0,0,0,0,0,0,0,0,0,0,0,0,0,0,0,0,0,0,0,0,0,0,0,0,0,0,0,0,0,0,0,0,0,0,0,0,0,0,0,0,20,1,0,44000,14700,0,0,0,0,0,0,0,0,1,0,0,0,0,0,0,0,1,1,1,0,0,0,0,0,0,0,0,0,0);

-- Strand der Uralten
DELETE FROM quest_template WHERE `entry`=13405;
DELETE FROM quest_template WHERE `entry`=13407;
INSERT INTO `quest_template` (`entry`, `Method`, `ZoneOrSort`, `SkillOrClass`, `MinLevel`, `MaxLevel`, `QuestLevel`, `Type`, `RequiredRaces`, `RequiredSkillValue`, `RepObjectiveFaction`, `RepObjectiveValue`, `RepObjectiveFaction2`, `RepObjectiveValue2`, `RequiredMinRepFaction`, `RequiredMinRepValue`, `RequiredMaxRepFaction`, `RequiredMaxRepValue`, `SuggestedPlayers`, `LimitTime`, `QuestFlags`, `SpecialFlags`, `CharTitleId`, `PlayersSlain`, `BonusTalents`, `RewardArenaPoints`, `PrevQuestId`, `NextQuestId`, `ExclusiveGroup`, `NextQuestInChain`, `RewXPId`, `SrcItemId`, `SrcItemCount`, `SrcSpell`, `Title`, `Details`, `Objectives`, `OfferRewardText`, `RequestItemsText`, `EndText`, `CompletedText`, `ObjectiveText1`, `ObjectiveText2`, `ObjectiveText3`, `ObjectiveText4`, `ReqItemId1`, `ReqItemId2`, `ReqItemId3`, `ReqItemId4`, `ReqItemId5`, `ReqItemId6`, `ReqItemCount1`, `ReqItemCount2`, `ReqItemCount3`, `ReqItemCount4`, `ReqItemCount5`, `ReqItemCount6`, `ReqSourceId1`, `ReqSourceId2`, `ReqSourceId3`, `ReqSourceId4`, `ReqSourceCount1`, `ReqSourceCount2`, `ReqSourceCount3`, `ReqSourceCount4`, `ReqCreatureOrGOId1`, `ReqCreatureOrGOId2`, `ReqCreatureOrGOId3`, `ReqCreatureOrGOId4`, `ReqCreatureOrGOCount1`, `ReqCreatureOrGOCount2`, `ReqCreatureOrGOCount3`, `ReqCreatureOrGOCount4`, `ReqSpellCast1`, `ReqSpellCast2`, `ReqSpellCast3`, `ReqSpellCast4`, `RewChoiceItemId1`, `RewChoiceItemId2`, `RewChoiceItemId3`, `RewChoiceItemId4`, `RewChoiceItemId5`, `RewChoiceItemId6`, `RewChoiceItemCount1`, `RewChoiceItemCount2`, `RewChoiceItemCount3`, `RewChoiceItemCount4`, `RewChoiceItemCount5`, `RewChoiceItemCount6`, `RewItemId1`, `RewItemId2`, `RewItemId3`, `RewItemId4`, `RewItemCount1`, `RewItemCount2`, `RewItemCount3`, `RewItemCount4`, `RewRepFaction1`, `RewRepFaction2`, `RewRepFaction3`, `RewRepFaction4`, `RewRepFaction5`, `RewRepValueId1`, `RewRepValueId2`, `RewRepValueId3`, `RewRepValueId4`, `RewRepValueId5`, `RewRepValue1`, `RewRepValue2`, `RewRepValue3`, `RewRepValue4`, `RewRepValue5`, `RewHonorAddition`, `RewHonorMultiplier`, `unk0`, `RewOrReqMoney`, `RewMoneyMaxLevel`, `RewSpell`, `RewSpellCast`, `RewMailTemplateId`, `RewMailDelaySecs`, `PointMapId`, `PointX`, `PointY`, `PointOpt`, `DetailsEmote1`, `DetailsEmote2`, `DetailsEmote3`, `DetailsEmote4`, `DetailsEmoteDelay1`, `DetailsEmoteDelay2`, `DetailsEmoteDelay3`, `DetailsEmoteDelay4`, `IncompleteEmote`, `CompleteEmote`, `OfferRewardEmote1`, `OfferRewardEmote2`, `OfferRewardEmote3`, `OfferRewardEmote4`, `OfferRewardEmoteDelay1`, `OfferRewardEmoteDelay2`, `OfferRewardEmoteDelay3`, `OfferRewardEmoteDelay4`, `StartScript`, `CompleteScript`, `WDBVerified`) VALUES
(13405,2,4384,0,71,0,-1,41,1101,0,0,0,0,0,0,0,0,0,0,0,4234,3,0,0,0,0,0,0,0,0,0,0,0,0,'Call to Arms: Strand of the Ancients','The fight in Northrend is not only against the armies of the Lich King, but also against those of the Horde.$B$BA powerful titan relic has been found in the Strand of the Ancients.  As you might know, we dwarves have been custodians of such artifacts for years and as such we are their rightful keepers.$B$BIn this case, the Horde has developed a keen interest in pilfering the relic from the titan ruins.  they are certain to use it as a weapon against us; we must do whatever we can to stop them.','Win a Strand of the Ancients battleground match and return to an Alliance Brigadier General at any Alliance capital city, Wintergrasp, Dalaran, or Shattrath.','Excellent job, $n! With your help the Strand of the Ancients will be under complete Alliance control.','What news do you bring from the front, $N?','Victory in Strand of the Ancients','','','','','',0,0,0,0,0,0,0,0,0,0,0,0,0,0,0,0,0,0,0,0,0,0,0,0,0,0,0,0,0,0,0,0,0,0,0,0,0,0,0,0,0,0,0,0,0,0,0,0,0,0,0,0,0,0,0,0,0,0,0,0,0,0,0,0,0,0,0,20,1,0,74000,30150,0,0,0,0,0,0,0,0,0,0,0,0,0,0,0,0,0,0,0,0,0,0,0,0,0,0,0,0,0),
(13407,2,4384,0,71,0,-1,41,690,0,0,0,0,0,0,0,0,0,0,0,4234,3,0,0,0,0,0,0,0,0,0,0,0,0,'Call to Arms: Strand of the Ancients','Just because we march into Northrend to smash the Scourge, does not mean we get to take a break from crushing the Alliance.$B$BThose Explorers League dwarves have found the location of a powerful titan relic and we will be damned if we let the Alliance take control of it.$B$BGo, $N, and destroy our enemies.  Make them see that no matter where we meet, they remain our sworn enemies.','Win a Strand of the Ancients battleground match and return to a Horde Warbringer at any Horde capital city, Wintergrasp, Dalaran, or Shattrath.','You bring great honor to us, $n! The Alliance weaklings must be crushed under the heel of the mighty Horde!','','Victory in Strand of the Ancients','','','','','',0,0,0,0,0,0,0,0,0,0,0,0,0,0,0,0,0,0,0,0,0,0,0,0,0,0,0,0,0,0,0,0,0,0,0,0,0,0,0,0,0,0,0,0,0,0,0,0,0,0,0,0,0,0,0,0,0,0,0,0,0,0,0,0,0,0,0,20,1,0,74000,30150,0,0,0,0,0,0,0,0,0,0,0,0,0,0,0,0,0,0,0,0,0,0,0,0,0,0,0,0,0);

-- questrelation
DELETE FROM `creature_questrelation` WHERE `quest` IN ( 8367, 13475, 8371, 13477, 8388, 13476, 8385, 13478 );
INSERT INTO `creature_questrelation` (`id`, `quest`) VALUES
(15350,8367),
(15350,8388),
(15350,13475),
(15350,13476),
(15351,8371),
(15351,8385),
(15351,13477),
(15351,13478);

-- QUESTS: Concerted Efforts and For Great Honor
DELETE FROM `quest_template` WHERE `entry` IN ( 8367, 13475, 8371, 13477, 8388, 13476, 8385, 13478 );
INSERT INTO `quest_template` (`entry`, `Method`, `ZoneOrSort`, `SkillOrClass`, `MinLevel`, `MaxLevel`, `QuestLevel`, `Type`, `RequiredRaces`, `RequiredSkillValue`, `RepObjectiveFaction`, `RepObjectiveValue`, `RepObjectiveFaction2`, `RepObjectiveValue2`, `RequiredMinRepFaction`, `RequiredMinRepValue`, `RequiredMaxRepFaction`, `RequiredMaxRepValue`, `SuggestedPlayers`, `LimitTime`, `QuestFlags`, `SpecialFlags`, `CharTitleId`, `PlayersSlain`, `BonusTalents`, `RewardArenaPoints`, `PrevQuestId`, `NextQuestId`, `ExclusiveGroup`, `NextQuestInChain`, `RewXPId`, `SrcItemId`, `SrcItemCount`, `SrcSpell`, `Title`, `Details`, `Objectives`, `OfferRewardText`, `RequestItemsText`, `EndText`, `CompletedText`, `ObjectiveText1`, `ObjectiveText2`, `ObjectiveText3`, `ObjectiveText4`, `ReqItemId1`, `ReqItemId2`, `ReqItemId3`, `ReqItemId4`, `ReqItemId5`, `ReqItemId6`, `ReqItemCount1`, `ReqItemCount2`, `ReqItemCount3`, `ReqItemCount4`, `ReqItemCount5`, `ReqItemCount6`, `ReqSourceId1`, `ReqSourceId2`, `ReqSourceId3`, `ReqSourceId4`, `ReqSourceCount1`, `ReqSourceCount2`, `ReqSourceCount3`, `ReqSourceCount4`, `ReqCreatureOrGOId1`, `ReqCreatureOrGOId2`, `ReqCreatureOrGOId3`, `ReqCreatureOrGOId4`, `ReqCreatureOrGOCount1`, `ReqCreatureOrGOCount2`, `ReqCreatureOrGOCount3`, `ReqCreatureOrGOCount4`, `ReqSpellCast1`, `ReqSpellCast2`, `ReqSpellCast3`, `ReqSpellCast4`, `RewChoiceItemId1`, `RewChoiceItemId2`, `RewChoiceItemId3`, `RewChoiceItemId4`, `RewChoiceItemId5`, `RewChoiceItemId6`, `RewChoiceItemCount1`, `RewChoiceItemCount2`, `RewChoiceItemCount3`, `RewChoiceItemCount4`, `RewChoiceItemCount5`, `RewChoiceItemCount6`, `RewItemId1`, `RewItemId2`, `RewItemId3`, `RewItemId4`, `RewItemCount1`, `RewItemCount2`, `RewItemCount3`, `RewItemCount4`, `RewRepFaction1`, `RewRepFaction2`, `RewRepFaction3`, `RewRepFaction4`, `RewRepFaction5`, `RewRepValueId1`, `RewRepValueId2`, `RewRepValueId3`, `RewRepValueId4`, `RewRepValueId5`, `RewRepValue1`, `RewRepValue2`, `RewRepValue3`, `RewRepValue4`, `RewRepValue5`, `RewHonorAddition`, `RewHonorMultiplier`, `unk0`, `RewOrReqMoney`, `RewMoneyMaxLevel`, `RewSpell`, `RewSpellCast`, `RewMailTemplateId`, `RewMailDelaySecs`, `PointMapId`, `PointX`, `PointY`, `PointOpt`, `DetailsEmote1`, `DetailsEmote2`, `DetailsEmote3`, `DetailsEmote4`, `DetailsEmoteDelay1`, `DetailsEmoteDelay2`, `DetailsEmoteDelay3`, `DetailsEmoteDelay4`, `IncompleteEmote`, `CompleteEmote`, `OfferRewardEmote1`, `OfferRewardEmote2`, `OfferRewardEmote3`, `OfferRewardEmote4`, `OfferRewardEmoteDelay1`, `OfferRewardEmoteDelay2`, `OfferRewardEmoteDelay3`, `OfferRewardEmoteDelay4`, `StartScript`, `CompleteScript`, `WDBVerified`) VALUES
(8367,1,-25,0,61,70,-1,41,690,0,0,0,0,0,0,0,0,0,0,0,8,0,0,0,0,0,0,8388,0,0,0,0,0,0,'For Great Honor','Serving the Horde in one of the great battles against the Alliance is a source of great honor!  The few however, that have served the Horde in ALL of our active battlefronts are our truly great fighters.  We shall vanquish our opponents, not by fighting isolated skirmishes, but by waging a well-coordinated war.$B$BGo forth and crush the Alliance in Arathi Basin, Alterac Valley, Eye of the Storm and Warsong Gulch!  For Honor!  For the Horde!','Bring 1 Alterac Valley Mark of Honor, 1 Arathi Basin Mark of Honor, 1 Warsong Gulch Mark of Honor and 1 Eye of the Storm Mark of Honor to a Horde Warbringer in any Horde capital city or Shattrath.','Your trials have not been easy, but your courage did not escape you and your strength did not fail. Part with past tokens of victory, $C. None shall need them as a reminder of your worth. Stand up straight, $N. Today you will walk with great pride for you are a hero!','Arathi is still wet with the blood of great warriors and the clash of steel still rings throughout Alterac.  Do not waste my time unless you bring news from the front!','','','','','','',20558,20559,20560,29024,0,0,1,1,1,1,0,0,0,0,0,0,0,0,0,0,0,0,0,0,0,0,0,0,0,0,0,0,0,0,0,0,0,0,0,0,0,0,0,0,0,0,0,0,0,0,0,0,0,0,0,0,0,0,0,0,0,0,0,0,0,0,0,15,1,0,44000,75900,0,0,0,0,0,0,0,0,4,0,0,0,0,0,0,0,0,0,0,0,0,0,0,0,0,0,0,0,0),
(8371,1,-25,0,61,70,-1,41,1101,0,0,0,0,0,0,0,0,0,0,0,8,0,0,0,0,0,0,8385,0,0,0,0,0,0,'Concerted Efforts','we are not fighting isolated battles against the Horde anymore, $g lad:lass;.$B$BVictory in one front means denying the Horde resources they would use against us in a different battle.  By the same token, abandoning any given battle could give the advantage to our opponent somewhere else around the world.$B$BThe Alliance is in need of more combatants with this sort of worldly understanding... truly seasoned veterans!  $N, come back to me after you have served against the Horde at all of our active battlegrounds.','Bring 1 Alterac Valley Mark of Honor, 1 Arathi Basin Mark of Honor, 1 Warsong Gulch Mark of Honor and 1 Eye of the Storm Mark of Honor to an Alliance Brigadier General in any Alliance Capital City or Shattrath.','you are not one to disappoint, $N! What you have learned goes beyond petty medals and commendations. What you have learned is what can only come with experience and the hardening of one is temper in the field of battle.$B$Byou have done well, $C. you are a true hero of the Alliance!','How are yer travels faring laddie?','','','','','','',20558,20559,20560,29024,0,0,1,1,1,1,0,0,0,0,0,0,0,0,0,0,0,0,0,0,0,0,0,0,0,0,0,0,0,0,0,0,0,0,0,0,0,0,0,0,0,0,0,0,0,0,0,0,0,0,0,0,0,0,0,0,0,0,0,0,0,0,0,15,1,0,35000,67800,0,0,0,0,0,0,0,0,0,0,0,0,0,0,0,0,0,0,0,0,0,0,0,0,0,0,0,0,0),
(8385,0,-25,0,61,70,-1,41,1101,0,0,0,0,0,0,0,0,0,0,0,8,1,0,0,0,0,8371,0,0,0,0,0,0,0,'Concerted Efforts','','','You live up to yer reputation, $N. Without people like you, the Alliance would not stand a chance against the savage forces of the Horde.','Ah, $N. I hope you continue to lend your experience to the different battlefronts. A lot of our lads and lasses in the field look up to seasoned veterans like you.','','','','','','',20560,20559,20558,29024,0,0,1,1,1,1,0,0,0,0,0,0,0,0,0,0,0,0,0,0,0,0,0,0,0,0,0,0,0,0,0,0,0,0,0,0,0,0,0,0,0,0,0,0,0,0,0,0,0,0,0,0,0,0,0,0,0,0,0,0,0,0,0,15,1,0,0,0,0,0,0,0,0,0,0,0,0,0,0,0,0,0,0,0,0,1,0,0,0,0,0,0,0,0,0,0,0),
(8388,0,-25,0,61,70,-1,41,690,0,0,0,0,0,0,0,0,0,0,0,8,1,0,0,0,0,8367,0,0,0,0,0,0,0,'For Great Honor','','','You continue to honor the Horde, $N. i am glad to see you have not turned soft.','Arathi is still wet with the blood of great warriors and the clash of steel still rings throughout Alterac. Do not waste my time unless you bring news from the front!','','','','','','',20560,20559,20558,29024,0,0,1,1,1,1,0,0,0,0,0,0,0,0,0,0,0,0,0,0,0,0,0,0,0,0,0,0,0,0,0,0,0,0,0,0,0,0,0,0,0,0,0,0,0,0,0,0,0,0,0,0,0,0,0,0,0,0,0,0,0,0,0,15,1,0,0,0,0,0,0,0,0,0,0,0,0,0,0,0,0,0,0,0,0,1,0,0,0,0,0,0,0,0,0,0,0),
(13475,1,-25,0,71,80,-1,41,1101,0,0,0,0,0,0,0,0,0,0,0,8,0,0,0,0,0,0,13476,0,0,0,0,0,0,'For Great Honor','','','','','','','','','','',42425,20559,20558,29024,0,0,1,1,1,1,0,0,0,0,0,0,0,0,0,0,0,0,0,0,0,0,0,0,0,0,0,0,0,0,0,0,0,0,0,0,0,0,0,0,0,0,0,0,0,0,0,0,0,0,0,0,0,0,0,0,0,0,0,0,0,0,0,15,1,0,0,0,0,0,0,0,0,0,0,0,0,0,0,0,0,0,0,0,0,0,0,0,0,0,0,0,0,0,0,0,0),
(13476,0,-25,0,71,80,-1,41,1101,0,0,0,0,0,0,0,0,0,0,0,8,1,0,0,0,0,13475,0,0,0,0,0,0,0,'For Great Honor','Serving the Horde in one of the great battles against the Alliance is a source of great honor!  The few however, that have served the Horde in ALL of our active battlefronts are our truly great fighters.  We shall vanquish our opponents, not by fighting isolated skirmishes, but by waging a well-coordinated war.$B$BGo forth and crush the Alliance at every front!  For Honor!  For the Horde!','Bring 1 Strand of the Ancients Mark of Honor, 1 Alterac Valley Mark of Honor, 1 Arathi Basin Mark of Honor, 1 Warsong Gulch Mark of Honor and 1 Eye of the Storm Mark of Honor to a Horde Warbringer in any Horde capital city, Shattrath, Dalaran, or Wintergrasp.','Your trials have not been easy, but your courage did not escape you and your strength did not fail. Part with past tokens of victory, $c. None shall need them as a reminder of your worth. Stand up straight, $n. Today you will walk with great pride for you are a hero!','Arathi is still wet with the blood of great warriors and the clash of steel still rings throughout Alterac. Do not waste my time unless you bring news from the front!','','','','','','',20558,20559,42425,29024,0,0,1,1,1,1,0,0,0,0,0,0,0,0,0,0,0,0,0,0,0,0,0,0,0,0,0,0,0,0,0,0,0,0,0,0,0,0,0,0,0,0,0,0,0,0,0,0,0,0,0,0,0,0,0,0,0,0,0,0,0,0,0,15,1,0,0,0,0,0,0,0,0,0,0,0,0,0,0,0,0,0,0,0,0,0,0,0,0,0,0,0,0,0,0,0,0),
(13477,1,-25,0,71,80,-1,41,690,0,0,0,0,0,0,0,0,0,0,0,8,0,0,0,0,0,0,13478,0,0,0,0,0,0,'Concerted Efforts','','','','','','','','','','',42425,20559,20558,29024,0,0,1,1,1,1,0,0,0,0,0,0,0,0,0,0,0,0,0,0,0,0,0,0,0,0,0,0,0,0,0,0,0,0,0,0,0,0,0,0,0,0,0,0,0,0,0,0,0,0,0,0,0,0,0,0,0,0,0,0,0,0,0,15,1,0,0,0,0,0,0,0,0,0,0,0,0,0,0,0,0,0,0,0,0,0,0,0,0,0,0,0,0,0,0,0,0),
(13478,0,-25,0,71,80,-1,41,690,0,0,0,0,0,0,0,0,0,0,0,8,1,0,0,0,0,13477,0,0,0,0,0,0,0,'Concerted Efforts','we are not fighting isolated battles against the Horde anymore, $g lad:lass;.$B$BVictory in one front means denying the Horde resources they would use against us in a different battle.  By the same token, abandoning any given battle could give the advantage to our opponent somewhere else around the world.$B$BThe Alliance is in need of more combatants with this sort of worldly understanding... truly seasoned veterans!  $N, come back to me after you have served against the Horde at all of our active battlegrounds.','Bring a Mark of Honor from each battleground to an Alliance Brigadier General in any Alliance Capital City, Shattrath, Dalaran, or Wintergrasp.','you are not one to disappoint, $n! What you have learned goes beyond petty medals and commendations. What you have learned is what can only come with experience and the hardening of one is temper in the field of battle.$b$byou have done well, $c. you are a true hero of the Alliance!','How are yer travels faring $gladdie:lassy;?','','','','','','',42425,20559,20558,29024,0,0,1,1,1,1,0,0,0,0,0,0,0,0,0,0,0,0,0,0,0,0,0,0,0,0,0,0,0,0,0,0,0,0,0,0,0,0,0,0,0,0,0,0,0,0,0,0,0,0,0,0,0,0,0,0,0,0,0,0,0,0,0,15,1,0,0,0,0,0,0,0,0,0,0,0,0,0,0,0,0,0,0,0,0,0,0,0,0,0,0,0,0,0,0,0,0);

DELETE FROM `creature_questrelation` WHERE `id` in (15350, 15351);

-- Add Dummy Events
DELETE FROM `game_event` WHERE `entry` in (125, 126, 127, 128, 129);
INSERT INTO `game_event` (`entry`, `start_time`, `end_time`, `occurence`, `length`, `holiday`, `description`, `world_event`) VALUES
(125,'2010-01-07 00:00:00','2020-12-23 06:00:00',7200,1440,0,'PvP Daily Warsong',0),
(126,'2010-01-08 00:00:00','2020-12-23 06:00:00',7200,1440,0,'PvP Daily Strand der Uralten',0),
(127,'2010-01-09 00:00:00','2020-12-23 06:00:00',7200,1440,0,'PvP Daily Arathibecken',0),
(128,'2010-01-10 00:00:00','2020-12-23 06:00:00',7200,1440,0,'PvP Daily Auge des Sturms',0),
(129,'2010-01-11 00:00:00','2020-12-23 06:00:00',7200,1440,0,'PvP Daily Alterac',0);


DELETE FROM `game_event_creature_quest` WHERE `event`=125;
INSERT INTO `game_event_creature_quest` (`id`, `quest`, `event`) VALUES 
('15351', '11338', '125'), 
('15350', '11342', '125'), 
('15351', '14180', '125'), 
('15350', '14183', '125'), 
('15350', '24216', '125'), 
('15350', '24217', '125'), 
('15351', '24218', '125'), 
('15351', '24219', '125'), 
('15351', '24224', '125'), 
('15350', '24225', '125');
-- Strand
DELETE FROM `game_event_creature_quest` WHERE `event`=126;
INSERT INTO `game_event_creature_quest` (`id`, `quest`, `event`) VALUES 
('15351', '13405', '126'), 
('15350', '13407', '126');
-- Arathi
DELETE FROM `game_event_creature_quest` WHERE `event`=127;
INSERT INTO `game_event_creature_quest` (`id`, `quest`, `event`) VALUES 
('15351', '11335', '127'), 
('15350', '11339', '127'), 
('15351', '14178', '127'), 
('15350', '14181', '127'), 
('15351', '24220', '127'), 
('15350', '24221', '127'), 
('15351', '24223', '127'), 
('15350', '24226', '127');
-- Auge
DELETE FROM `game_event_creature_quest` WHERE `event`=128;
INSERT INTO `game_event_creature_quest` (`id`, `quest`, `event`) VALUES 
('15351', '11337', '128'), 
('15350', '11341', '128'), 
('15351', '14179', '128'), 
('15350', '14182', '128');
-- Alterac
DELETE FROM `game_event_creature_quest` WHERE `event`=129;
INSERT INTO `game_event_creature_quest` (`id`, `quest`, `event`) VALUES 
('15351', '11336', '129'), 
('15350', '11340', '129'), 
('15351', '13427', '129'), 
('15350', '13428', '129'),
('15350', '24426', '129'), 
('15351', '24427', '129');






